Temperature,Humidity
28.778029163232393,76
27.6944875534971,81
28.21125971275989,77
27.761174479615047,77
27.47363619949174,81
28.180722381071003,79
27.746038831676202,76
28.60584579306453,79
27.64484678560697,77
27.743803449688613,80
